{
  "labels": [
    "g",
    "b",
    "d",
    "z"
  ],
  "target_sr": 16000,
  "frame_ms": 25,
  "hop_ms": 10,
  "n_mels": 40,
  "autocorr_lags": 32,
  "cross_correlation_weight": 0.65,
  "autocorrelation_weight": 0.35,
  "spectrum_templates": [
    [
      -19.177072525024414,
      -18.989593505859375,
      -18.677186965942383,
      -18.894742965698242,
      -19.07366180419922,
      -18.784040451049805,
      -18.930646896362305,
      -19.262006759643555,
      -19.48382568359375,
      -19.742204666137695,
      -20.053083419799805,
      -20.101572036743164,
      -20.178466796875,
      -20.29794692993164,
      -20.406627655029297,
      -20.483444213867188,
      -20.47275161743164,
      -20.455251693725586,
      -20.510562896728516,
      -20.563093185424805,
      -20.564388275146484,
      -20.56756591796875,
      -20.62263298034668,
      -20.642545700073242,
      -20.737979888916016,
      -20.84354591369629,
      -20.940656661987305,
      -20.960386276245117,
      -20.978683471679688,
      -21.096141815185547,
      -21.207290649414062,
      -21.30901527404785,
      -21.445131301879883,
      -21.560531616210938,
      -21.637142181396484,
      -21.65283203125,
      -21.6566104888916,
      -21.646032333374023,
      -21.740806579589844,
      -21.994285583496094
    ],
    [
      -19.006023406982422,
      -18.884689331054688,
      -18.54983139038086,
      -18.787229537963867,
      -19.0183162689209,
      -18.71387481689453,
      -18.849849700927734,
      -19.149967193603516,
      -19.311233520507812,
      -19.531368255615234,
      -19.820697784423828,
      -19.877832412719727,
      -19.996601104736328,
      -20.161314010620117,
      -20.30891990661621,
      -20.391586303710938,
      -20.350435256958008,
      -20.282987594604492,
      -20.323305130004883,
      -20.380054473876953,
      -20.388601303100586,
      -20.36473846435547,
      -20.370817184448242,
      -20.34912109375,
      -20.441484451293945,
      -20.559864044189453,
      -20.642555236816406,
      -20.655027389526367,
      -20.684480667114258,
      -20.808944702148438,
      -20.88751792907715,
      -20.955293655395508,
      -21.05647850036621,
      -21.15268325805664,
      -21.240575790405273,
      -21.27887725830078,
      -21.294849395751953,
      -21.310102462768555,
      -21.452442169189453,
      -21.748228073120117
    ],
    [
      -18.539432525634766,
      -18.3522891998291,
      -18.036334991455078,
      -18.310508728027344,
      -18.529155731201172,
      -18.23244285583496,
      -18.395097732543945,
      -18.759206771850586,
      -18.950244903564453,
      -19.19833755493164,
      -19.51182746887207,
      -19.594970703125,
      -19.715866088867188,
      -19.874889373779297,
      -19.99803924560547,
      -20.031557083129883,
      -19.91579246520996,
      -19.796354293823242,
      -19.778038024902344,
      -19.819211959838867,
      -19.845064163208008,
      -19.87125587463379,
      -19.9222469329834,
      -19.883560180664062,
      -19.93659019470215,
      -20.06292724609375,
      -20.20433235168457,
      -20.233675003051758,
      -20.212112426757812,
      -20.292875289916992,
      -20.39832878112793,
      -20.474681854248047,
      -20.57032585144043,
      -20.657785415649414,
      -20.718265533447266,
      -20.7218074798584,
      -20.759300231933594,
      -20.796985626220703,
      -20.945171356201172,
      -21.27737045288086
    ],
    [
      -15.917309761047363,
      -15.570732116699219,
      -15.189082145690918,
      -15.496230125427246,
      -15.733001708984375,
      -15.393847465515137,
      -15.63159465789795,
      -16.178085327148438,
      -16.436954498291016,
      -16.79351806640625,
      -17.143468856811523,
      -17.212074279785156,
      -17.318729400634766,
      -17.447532653808594,
      -17.583410263061523,
      -17.670534133911133,
      -17.610523223876953,
      -17.53132438659668,
      -17.581581115722656,
      -17.713483810424805,
      -17.7954044342041,
      -17.860624313354492,
      -17.93598175048828,
      -17.848417282104492,
      -17.83608055114746,
      -17.914976119995117,
      -17.99843406677246,
      -17.928131103515625,
      -17.835229873657227,
      -17.880409240722656,
      -17.919660568237305,
      -17.935504913330078,
      -18.009357452392578,
      -18.10845947265625,
      -18.218238830566406,
      -18.254802703857422,
      -18.272979736328125,
      -18.317014694213867,
      -18.522348403930664,
      -19.000173568725586
    ]
  ],